{
  "Component-preload.js.map": 1697385408896,
  "Component.js": 1697383646894,
  "test/integration/pages/RisksList.js": 1697383647110,
  "test/integration/opaTests.qunit.js": 1697383647058,
  "test/integration/FirstJourney.js": 1697383647150,
  "test/testsuite.qunit.js": 1697383647046,
  "xs-app.json": 1697385386475,
  "manifest.json": 1697385386539,
  "test/integration/pages/RisksObjectPage.js": 1697383647110,
  "test/integration/pages/RisksList-dbg.js": 1697383647110,
  "test/integration/pages/RisksList.js.map": 1697385408770,
  "Component-dbg.js": 1697383646894,
  "Component.js.map": 1697385408757,
  "test/integration/opaTests.qunit-dbg.js": 1697383647058,
  "test/integration/opaTests.qunit.js.map": 1697385408763,
  "test/integration/FirstJourney-dbg.js": 1697383647150,
  "test/integration/FirstJourney.js.map": 1697385408765,
  "test/testsuite.qunit-dbg.js": 1697383647046,
  "test/testsuite.qunit.js.map": 1697385408763,
  "test/integration/pages/RisksObjectPage-dbg.js": 1697383647110,
  "test/integration/pages/RisksObjectPage.js.map": 1697385408766,
  "Component-preload.js": 1697385408896,
  "i18n/i18n.properties": 1697383718714,
  "test/integration/opaTests.qunit.html": 1697383647058,
  "test/testsuite.qunit.html": 1697383647010,
  "test/flpSandbox.html": 1697383647006,
  "localService/metadata.xml": 1697383646982,
  "index.html": 1697383646894
}